回,日付,数字1,数字2,数字3,数字4,数字5,ボーナス数字,一等の当選数,二等の当選数,三等の当選数,四等の当選数,一等当選金額,二等当選金額,三等当選金額,四等当選金額
0939,2017/09/05,08,12,20,23,28,16,18,117,1917,49125,8136300,89900,9500,900
0938,2017/08/29,04,09,16,21,22,01,25,61,2110,49604,5812500,171100,8500,900
0937,2017/08/22,05,12,13,15,24,25,15,63,1599,47584,9476000,162000,11000,900
0936,2017/08/15,07,21,23,25,31,10,11,55,1299,39669,12396900,178100,13000,1100
0935,2017/08/08,03,11,13,20,31,16,8,48,1376,41186,17283400,206900,12500,1000
0934,2017/08/01,03,07,08,11,13,04,15,85,2232,53777,9475800,120100,7900,800
0933,2017/07/25,03,04,22,26,29,05,6,65,1460,44474,23706000,157200,12100,1000
0932,2017/07/18,01,03,14,17,19,23,8,71,1286,41211,17562600,142100,13600,1100
0931,2017/07/11,02,03,18,24,25,09,11,110,1841,50368,13286200,95400,9800,900
0930,2017/07/04,09,14,24,25,27,16,12,57,1714,49396,12136700,183500,10500,900
0929,2017/06/27,02,04,05,11,20,22,9,68,1816,51442,16453400,156400,10100,900
0928,2017/06/20,04,09,11,19,23,22,16,105,2312,54487,9215200,100800,7900,800
0927,2017/06/13,01,06,07,17,18,16,11,69,1495,43960,13049200,149400,11900,1000
0926,2017/06/06,03,09,18,27,29,26,26,64,2346,50732,5506100,160700,7500,900
0925,2017/05/30,09,14,19,27,30,16,8,53,1814,45848,18097900,196200,9900,1000
0924,2017/05/23,02,07,08,14,23,15,20,114,2612,58438,7222800,91000,6800,800
0923,2017/05/16,08,20,21,22,27,19,9,59,1491,42871,16244800,178000,12200,1100
0922,2017/05/09,02,13,14,21,22,07,8,82,1516,45865,18147700,127100,11900,1000
0921,2017/05/02,06,08,10,14,30,13,13,60,1985,52761,11675400,181700,9500,900
0920,2017/04/25,05,15,22,24,25,30,12,75,1801,49221,12658300,145500,10500,1000
0919,2017/04/18,04,07,09,15,23,11,12,127,2290,55044,12582800,85400,8200,800
0918,2017/04/11,16,20,22,27,29,30,5,36,1245,38025,28662500,285900,14300,1200
0917,2017/04/04,01,09,10,24,27,13,21,65,1572,42884,7059300,163800,11700,1100
0916,2017/03/28,17,18,23,28,30,05,15,106,1681,49396,9996500,101600,11100,900
0915,2017/03/21,14,22,24,26,27,07,11,65,1321,41427,13224800,160700,13700,1100
0914,2017/03/14,02,07,15,19,24,22,22,69,2054,50030,6916900,158400,9200,900
0913,2017/03/07,02,09,17,21,23,28,24,72,2186,52636,6538300,156500,8900,900
0912,2017/02/28,09,12,19,21,22,18,15,74,1680,48357,10724100,156100,11900,1000
0911,2017/02/21,02,03,04,13,16,17,7,47,1495,48938,22609500,241900,13100,1000
0910,2017/02/14,10,14,20,26,30,03,9,80,1487,42451,16973400,137100,12700,1100
0909,2017/02/07,03,12,14,20,27,22,10,61,1750,47976,15532800,182900,11000,1000
0908,2017/01/31,18,19,21,23,31,17,17,92,1684,46524,9298100,123400,11600,1100
0907,2017/01/24,03,04,10,22,31,06,12,66,2066,52223,12695700,165800,9100,900
0906,2017/01/17,02,04,06,07,23,26,8,66,1795,53600,19387700,168800,10700,900
0905,2017/01/10,04,17,18,22,27,10,19,80,2247,59030,9044100,154300,9500,900
0904,2016/12/27,03,05,08,17,21,14,18,72,2235,56275,8964300,161000,8900,900
0903,2016/12/20,02,05,21,24,29,04,6,52,1678,50119,26177300,216900,11600,1000
0902,2016/12/13,06,08,16,22,28,27,11,72,2225,51266,13675900,150100,8400,900
0901,2016/12/06,02,10,13,23,24,27,11,68,1895,48512,13647000,158500,9800,1000
0900,2016/11/29,01,15,18,22,25,29,6,40,1411,40249,24704000,266200,13000,1100
0899,2016/11/22,01,07,19,20,31,29,24,62,1703,42822,6155900,171100,10800,1100
0898,2016/11/15,05,07,20,24,25,17,8,91,1803,46866,18456900,116500,10100,1000
0897,2016/11/08,16,17,18,23,31,29,5,57,1345,42416,29102600,183400,13400,1100
0896,2016/11/01,11,13,16,17,26,30,8,58,1332,41767,18628800,184500,13900,1100
0895,2016/10/25,07,08,09,11,14,22,21,64,1772,48913,7073000,166700,10400,900
0894,2016/10/18,11,16,21,23,30,25,8,39,1730,47405,18528200,273000,10600,1000
0893,2016/10/11,11,14,20,22,25,05,13,87,1662,44838,10949400,117500,10600,1000
0892,2016/10/04,02,03,12,19,21,05,6,74,1740,47317,24463100,142400,10500,1000
0891,2016/09/27,10,17,29,30,31,25,7,35,1932,48025,21013900,301900,9400,900
0890,2016/09/20,01,07,12,24,31,06,28,70,1949,45441,4956200,142400,8800,900
0889,2016/09/13,05,06,12,17,22,23,13,79,1875,48574,11311900,133700,9700,900
0888,2016/09/06,06,17,24,29,31,03,11,94,1876,48509,13520000,113600,9800,900
0887,2016/08/30,03,04,19,28,29,23,14,55,1751,48150,10717100,195900,10600,1000
0886,2016/08/23,01,11,20,23,29,13,9,44,1605,42954,16226200,238400,11300,1100
0885,2016/08/16,09,17,21,24,27,11,9,60,1585,45000,15847200,170700,11200,1000
0884,2016/08/09,07,10,22,27,31,02,9,83,1595,45975,15562600,121200,10900,900
0883,2016/08/02,01,17,18,21,25,23,6,39,1330,37388,24209500,267500,13500,1200
0882,2016/07/26,02,07,08,18,30,21,10,75,1917,51487,14563100,139400,9400,900
0881,2016/07/19,10,11,17,29,30,15,17,81,1911,49490,8412500,126800,9300,900
0880,2016/07/12,05,07,11,12,21,18,24,78,2409,55457,6226600,137600,7700,800
0879,2016/07/05,02,13,24,27,31,12,12,77,1832,48590,12665000,141700,10300,1000
0878,2016/06/28,02,03,08,28,29,26,13,64,2192,53338,11668900,170200,8600,900
0877,2016/06/21,05,14,20,22,23,16,11,55,1730,46561,13741200,197400,10800,1000
0876,2016/06/14,18,19,20,21,27,15,7,45,1311,40193,20846400,232900,13800,1100
0875,2016/06/07,02,03,08,11,28,10,31,109,2753,61654,4770400,97400,6600,700
0874,2016/05/31,06,07,08,22,24,18,13,73,1663,47624,11486100,146900,11100,1000
0873,2016/05/24,04,06,10,23,29,03,16,68,1940,49099,9228500,155900,9400,900
0872,2016/05/17,15,16,24,28,30,26,12,46,1972,53300,12375800,231900,9300,900
0871,2016/05/10,04,17,24,27,31,19,21,78,2331,54399,7114400,137600,7900,800
0870,2016/05/03,03,12,22,23,31,24,19,70,2353,52665,7642500,149000,7600,800
0869,2016/04/26,02,14,16,19,30,05,9,72,1612,45025,17352400,155800,12000,1100
0868,2016/04/19,01,09,14,25,30,31,17,61,1750,44154,9124800,182600,11000,1100
0867,2016/04/12,13,23,24,28,30,31,8,52,1283,40991,18976300,209700,14700,1200
0866,2016/04/05,04,16,18,26,28,09,17,89,1677,48337,9056900,124200,11400,1000
0865,2016/03/29,03,08,16,17,31,09,9,71,2355,55998,16893400,153800,8000,800
0864,2016/03/22,14,18,26,28,30,08,5,64,1419,40758,29656700,166400,13000,1100
0863,2016/03/15,01,02,11,27,28,21,15,50,1827,49322,10148300,218700,10300,1000
0862,2016/03/08,03,07,09,13,23,06,13,98,2226,56624,11963100,114000,8600,800
0861,2016/03/01,04,08,12,17,27,03,18,75,2320,58184,8790000,151500,8400,800
0860,2016/02/23,08,09,21,30,31,07,23,101,2223,50587,6880300,112500,8800,1000
0859,2016/02/16,13,17,19,28,31,25,10,72,1521,45517,15935200,159000,13000,1100
0858,2016/02/09,06,14,15,25,26,22,16,50,2001,49135,9650200,221800,9600,1000
0857,2016/02/02,02,04,21,24,28,29,7,42,1562,46038,21937200,262600,12200,1000
0856,2016/01/26,01,10,15,24,29,09,14,80,1664,43832,10760500,135200,11200,1100
0855,2016/01/19,02,07,17,22,24,25,11,75,1835,48760,13440200,141600,10000,900
0854,2016/01/12,03,16,22,23,31,10,23,116,2077,53025,6520800,92800,8900,900
0853,2016/01/05,06,11,17,18,30,28,16,64,1981,47051,8329800,149600,8300,900
0852,2015/12/29,02,09,15,18,22,12,15,50,2493,55565,10399800,224100,7700,900
0851,2015/12/22,10,19,20,24,31,23,6,60,1399,41317,24575100,176500,13100,1100
0850,2015/12/15,01,02,13,15,18,28,2,49,1338,39895,40000000,1595600,13700,1200
0849,2015/12/08,04,14,17,19,20,26,10,48,1215,37527,14063000,210400,14400,1200
0848,2015/12/01,02,03,22,29,31,01,7,53,1326,42176,20067200,190400,13100,1000
0847,2015/11/24,07,18,19,21,31,15,12,59,1605,40173,11345100,165700,10500,1100
0846,2015/11/17,01,17,27,30,31,08,9,50,1300,35531,15513400,200600,13300,1200
0845,2015/11/10,03,10,22,24,30,28,12,51,1707,46473,11740300,198400,10200,900
0844,2015/11/03,03,11,14,22,26,01,28,72,2442,53552,4897200,136800,6900,800
0843,2015/10/27,02,14,23,28,30,26,11,76,1794,45914,13206500,137300,10000,1000
0842,2015/10/20,09,18,20,24,25,04,7,68,1462,42376,20543000,151900,12200,1100
0841,2015/10/13,05,06,07,13,18,08,11,45,1670,46907,12419100,218000,10100,900
0840,2015/10/06,01,05,11,15,31,08,30,84,2098,50827,4744400,121700,8400,900
0839,2015/09/29,02,06,14,27,30,12,19,77,2382,50971,7674700,136000,7600,900
0838,2015/09/22,04,06,11,12,15,22,17,69,1782,48613,7871500,139300,9300,800
0837,2015/09/15,04,05,09,24,25,31,15,64,1860,48999,9613900,161800,9600,900
0836,2015/09/08,05,15,20,28,29,10,10,70,1525,41612,14135300,145000,11500,1100
0835,2015/09/01,01,09,11,23,29,17,21,130,2123,51103,6986500,81000,8600,900
0834,2015/08/25,05,13,21,25,26,02,10,88,1801,46865,14121600,115200,9700,900
0833,2015/08/18,06,09,15,24,28,12,26,117,2029,46491,5422800,86500,8600,900
0832,2015/08/11,09,10,15,19,31,24,13,49,1410,39929,10466400,199400,12000,1100
0831,2015/08/04,07,09,17,19,21,03,10,66,1487,42277,13815300,150300,11500,1000
0830,2015/07/28,05,06,20,23,29,15,11,62,1457,43875,12729500,162200,11900,1000
0829,2015/07/21,08,12,19,23,31,06,17,119,2086,50215,8141300,83500,8200,800
0828,2015/07/14,02,08,11,15,26,03,31,106,2373,52949,4599800,96600,7400,800
0827,2015/07/07,03,04,06,23,31,10,6,52,1352,44687,24525200,203200,13500,1000
0826,2015/06/30,01,08,21,23,27,22,10,65,1512,45240,14783000,163300,12100,1000
0825,2015/06/23,03,08,12,21,26,19,27,117,2423,54706,5394200,89400,7400,800
0824,2015/06/16,04,16,22,28,29,10,37,293,2260,50051,3968900,36000,8000,900
0823,2015/06/09,06,10,14,18,23,09,15,91,1983,49037,9341400,110600,8700,900
0822,2015/06/02,07,08,10,17,28,04,12,79,1761,48756,11927000,130100,10100,900
0821,2015/05/26,06,08,18,21,23,30,6,74,1701,46026,23806500,138600,10400,1000
0820,2015/05/19,08,12,20,21,31,19,13,78,1694,44616,11053700,132300,10500,1000
0819,2015/05/12,02,09,14,15,24,13,9,59,1667,45930,15897000,174200,10600,1000
0818,2015/05/05,05,09,14,16,18,03,10,65,1667,42854,13373500,147800,9900,1000
0817,2015/04/28,01,10,23,27,29,18,8,41,1232,38834,18724400,262400,15100,1200
0816,2015/04/21,01,05,07,14,18,12,28,78,2005,51281,5434600,140100,9400,900
0815,2015/04/14,20,21,26,27,28,03,6,44,1134,32538,23852200,233600,15700,1400
0814,2015/04/07,02,03,12,25,31,28,17,56,1725,47820,8501700,185400,10400,900
0813,2015/03/31,03,06,09,14,15,17,25,64,2194,53832,5977800,167700,8400,900
0812,2015/03/24,02,16,17,22,25,13,12,79,1626,45193,12052400,131500,11000,1000
0811,2015/03/17,08,09,10,13,21,18,11,61,1737,48379,13448300,174200,10600,900
0810,2015/03/10,06,12,15,16,31,17,17,43,1936,49546,8774600,249200,9500,900
0809,2015/03/03,02,08,11,13,25,01,17,73,2479,57744,9000500,150500,7600,800
0808,2015/02/24,08,09,26,27,30,03,4,68,1671,46393,38078800,160900,11300,1000
0807,2015/02/17,05,07,13,17,19,03,12,68,1869,50337,12645500,160300,10100,900
0806,2015/02/10,03,11,21,23,28,24,11,64,1815,50659,13518100,166900,10200,900
0805,2015/02/03,08,09,11,17,30,03,13,104,1781,52077,11425300,102600,10300,900
0804,2015/01/27,07,08,09,12,29,26,11,59,1848,48354,13564600,181600,10000,1000
0803,2015/01/20,02,04,18,19,27,23,11,82,1729,47249,13347200,128600,10500,1000
0802,2015/01/13,05,09,21,29,31,06,17,50,1438,42233,8526900,208200,12500,1100
0801,2015/01/06,05,07,20,22,25,17,12,76,1469,40814,10783000,122300,10900,1000
0800,2014/12/30,01,19,20,22,25,02,9,50,1273,37688,16522900,213600,14500,1200
0799,2014/12/23,01,02,17,19,26,24,7,47,1189,36729,20309600,217300,14800,1200
0798,2014/12/16,03,08,10,23,27,12,21,105,1949,52064,6884200,98900,9200,900
0797,2014/12/09,08,09,29,30,31,18,26,116,1801,43059,5509700,88700,9900,1000
0796,2014/12/02,03,10,19,21,30,07,13,99,1979,47352,11067300,104400,9000,900
0795,2014/11/25,02,06,11,14,18,01,18,55,2238,55469,7669300,180300,7600,800
0794,2014/11/18,03,04,08,10,31,07,12,78,1750,45020,11801400,130400,10000,1000
0793,2014/11/11,06,10,18,20,31,24,12,57,1748,43820,11972500,181000,10200,1000
0792,2014/11/04,12,13,15,18,22,28,10,61,1302,40600,14266200,168000,13600,1100
0791,2014/10/28,06,16,18,30,31,10,11,62,1570,42455,13336500,169900,11600,1100
0790,2014/10/21,11,13,15,19,21,07,15,68,1550,43942,9668900,153200,11600,1000
0789,2014/10/14,04,05,11,16,31,19,14,59,1729,48034,9935500,169300,10000,900
0788,2014/10/07,01,21,28,29,30,15,6,41,1176,36782,23928600,251500,15200,1200
0787,2014/09/30,11,15,22,26,31,07,15,97,1984,47905,9852300,109400,9200,1000
0786,2014/09/23,05,06,21,28,29,07,7,52,1548,41777,19913000,192500,11200,1000
0785,2014/09/16,07,21,22,26,28,05,7,40,1349,40367,20668900,259800,13300,1100
0784,2014/09/09,14,19,21,25,29,08,12,67,1276,38622,12443400,160100,14500,1200
0783,2014/09/02,04,05,10,15,20,08,21,103,2751,52684,7191000,105300,6800,900
0782,2014/08/26,04,07,09,14,21,26,17,76,1905,51510,8676200,139400,9600,900
0781,2014/08/19,02,07,10,21,24,04,6,66,1719,48235,24036000,156900,10400,900
0780,2014/08/12,13,15,16,18,20,07,14,33,1234,34120,9858100,300400,13900,1300
0779,2014/08/05,01,08,09,10,13,18,12,52,1413,39756,11722600,194300,12300,1100
0778,2014/07/29,10,13,14,26,30,18,16,66,1667,43226,8908500,155100,10600,1000
0777,2014/07/22,04,10,20,22,24,21,6,40,1502,42882,23668600,255000,11700,1000
0776,2014/07/15,06,14,15,18,31,25,8,78,1669,44140,18099200,133300,10800,1000
0775,2014/07/08,05,06,14,24,31,15,6,70,1645,44627,24154100,148700,10900,1000
0774,2014/07/01,05,06,09,20,30,31,20,61,1606,43287,7472500,176000,11500,1100
0773,2014/06/24,01,02,06,11,26,17,19,70,1775,47810,7837700,152800,10400,1000
0772,2014/06/17,11,14,15,21,27,24,11,36,1745,48590,13502100,296300,10500,900
0771,2014/06/10,07,11,22,26,30,27,16,69,2086,51054,9120400,151900,8700,900
0770,2014/06/03,12,18,19,22,30,20,11,41,1460,43606,13282800,256000,12400,1000
0769,2014/05/27,03,11,15,22,24,29,17,86,2257,55666,8647700,122800,8100,800
0768,2014/05/20,02,03,23,24,27,10,8,77,1763,48954,18487300,137900,10400,900
0767,2014/05/13,06,08,10,25,31,27,13,43,1641,44892,11404800,247700,11200,1000
0766,2014/05/06,05,08,12,16,28,13,38,91,2589,55108,3746800,112400,6800,800
0765,2014/04/29,16,19,20,22,31,26,2,40,1265,35852,40000000,1884700,14200,1300
0764,2014/04/22,01,02,07,10,11,16,29,57,2247,54305,5291900,193400,8500,900
0763,2014/04/15,03,05,12,14,18,08,13,78,2138,58521,11960600,143200,9000,800
0762,2014/04/08,02,03,08,10,29,31,8,50,1798,50543,18725100,215200,10300,900
0761,2014/04/01,07,14,16,21,31,17,5,52,1576,42112,29959800,206900,11800,1100
0760,2014/03/25,01,07,14,25,30,08,12,63,1825,47112,12695900,173700,10300,1000
0759,2014/03/18,08,18,23,24,30,04,11,72,1966,52056,13499100,148100,9400,900
0758,2014/03/11,08,14,19,22,24,26,15,66,1789,49168,10203600,166600,10600,1000
0757,2014/03/04,12,15,21,25,27,22,5,47,1501,45828,30971700,236700,12800,1100
0756,2014/02/25,05,08,09,27,30,11,16,83,1651,47052,9569900,132500,11500,1000
0755,2014/02/18,20,21,22,25,27,14,10,42,1193,35470,14884600,254600,15500,1300
0754,2014/02/11,11,12,24,25,30,31,27,79,2444,56561,5310600,130300,7300,800
0753,2014/02/04,02,10,20,23,24,26,13,40,1797,49720,12044100,281200,10800,1000
0752,2014/01/28,11,23,26,27,31,24,6,53,1475,45461,26586900,216200,13400,1100
0751,2014/01/21,07,15,18,19,30,08,12,70,1796,49556,13002500,160100,10800,1000
0750,2014/01/14,02,05,09,13,19,24,12,124,2121,56418,12865200,89400,9000,800
0749,2014/01/07,01,11,14,16,30,25,11,56,1681,50969,15579700,219800,12600,1000
0748,2013/12/24,02,06,07,11,15,04,14,80,1918,55707,11095000,139400,10000,900
0747,2013/12/17,01,12,23,29,30,09,18,104,1738,47495,8812600,109500,11300,1000
0746,2013/12/10,02,10,15,18,20,13,11,72,1610,44679,13753300,150900,11600,1100
0745,2013/12/03,03,10,13,14,22,15,8,49,1756,49490,18869400,221300,10700,900
0744,2013/11/26,02,04,05,14,24,19,16,106,1979,53906,9360200,101500,9400,900
0743,2013/11/19,04,15,18,20,30,05,10,44,1478,46602,14807500,241700,12400,1000
0742,2013/11/12,03,05,16,26,31,01,13,61,2038,52050,11416800,174700,9000,900
0741,2013/11/05,06,11,12,15,25,10,18,87,2027,55001,8412100,125000,9300,800
0740,2013/10/29,02,04,19,25,28,11,13,91,1709,48469,11631300,119300,11000,1000
0739,2013/10/22,01,04,19,24,31,18,9,63,1457,41464,16772600,172100,12800,1100
0738,2013/10/15,07,11,14,23,29,19,24,84,2511,57064,6100500,125200,7200,800
0737,2013/10/08,05,12,18,19,23,16,32,81,2473,55083,4707900,133600,7500,800
0736,2013/10/01,02,14,17,20,27,09,4,86,1537,45066,38074300,127200,12300,1100
0735,2013/09/24,03,14,16,23,30,07,16,123,1815,50968,9284800,86700,10100,900
0734,2013/09/17,06,08,10,12,13,31,11,70,1946,53947,13574800,153200,9500,900
0733,2013/09/10,05,09,11,18,20,31,17,84,2271,56982,9075900,131900,8400,800
0732,2013/09/03,04,06,16,29,31,09,20,91,2239,51498,7665700,121000,8500,900
0731,2013/08/27,07,09,18,28,30,11,18,99,1725,48660,8640700,112800,11200,1000
0730,2013/08/20,03,05,07,14,22,04,17,57,3085,64464,8892800,190500,6100,700
0729,2013/08/13,13,16,17,20,29,11,5,44,1260,36899,27809300,227000,13700,1200
0728,2013/08/06,01,09,11,13,28,16,8,48,1572,43783,18646900,223200,11800,1100
0727,2013/07/30,04,07,14,16,24,27,16,120,2056,51710,9394100,89900,9100,900
0726,2013/07/23,01,02,16,18,25,07,14,71,1534,44542,10808400,153100,12200,1100
0725,2013/07/16,06,11,26,28,30,19,10,61,1760,50342,15296800,180100,10800,900
0724,2013/07/09,07,14,17,22,29,01,28,86,2681,53048,5628900,131600,7300,900
0723,2013/07/02,04,07,09,25,31,18,25,108,1911,53391,6562000,109100,10600,1000
0722,2013/06/25,04,06,17,21,30,09,15,87,1927,51968,10738700,133000,10400,1000
0721,2013/06/18,03,05,12,15,22,02,21,89,2667,62985,7664800,129900,7500,800
0720,2013/06/11,05,11,17,19,20,15,11,49,1949,53977,14286700,230400,10000,900
0719,2013/06/04,02,09,18,22,27,16,20,91,2453,54106,7963700,125700,8000,900
0718,2013/05/28,02,11,16,19,24,23,31,98,2523,54451,5124200,116400,7800,900
0717,2013/05/21,03,05,14,23,26,01,18,88,2306,57657,8867600,130300,8600,900
0716,2013/05/14,13,18,19,20,24,17,5,45,1494,43625,31787500,253700,13200,1100
0715,2013/05/07,02,03,05,09,22,18,16,70,1928,55420,9981300,163900,10300,900
0714,2013/04/30,06,10,20,22,31,01,3,45,1500,45607,40000000,1172400,13300,1100
0713,2013/04/23,04,13,22,28,31,16,38,152,2553,50842,4279200,76800,7900,1000
0712,2013/04/16,03,07,18,27,31,01,22,60,2199,56618,7535600,198500,9300,900
0711,2013/04/09,03,05,10,17,25,22,17,107,2587,62487,9463000,108000,7700,800
0710,2013/04/02,02,15,18,25,26,20,10,49,1806,50350,16255400,238300,11200,1000
0709,2013/03/26,02,05,16,17,18,30,15,84,1719,50069,11567000,148300,12500,1100
0708,2013/03/19,10,11,20,28,29,01,13,76,2008,53165,13184700,162000,10600,1000
0707,2013/03/12,02,11,23,27,29,03,17,103,2152,59126,10440900,123800,10200,900
0706,2013/03/05,04,06,15,16,29,27,7,150,2129,59936,26020600,87200,10600,900
0705,2013/02/26,08,16,18,21,22,27,28,81,1940,53122,6578000,163300,11800,1100
0704,2013/02/19,02,11,21,24,25,23,24,77,2876,64898,7514700,168200,7800,900
0703,2013/02/12,03,10,16,28,31,15,21,121,2103,55003,8547300,106500,10600,1000
0702,2013/02/05,10,12,13,20,23,04,14,96,2149,56105,13454600,140900,10900,1000
0701,2013/01/29,04,08,13,15,26,03,17,94,3212,64382,11055700,143600,7200,900
0700,2013/01/22,06,08,09,21,26,04,11,77,1635,51628,16529300,169600,13800,1100
0699,2013/01/15,06,12,21,24,28,15,35,153,3087,63726,5064900,83200,7100,900
0698,2013/01/08,02,03,05,14,24,09,11,62,2026,59777,17764200,226400,12000,1000
0697,2012/12/25,05,07,17,25,27,18,29,115,2756,65702,6379000,115500,8300,900
0696,2012/12/18,05,09,15,19,30,06,15,78,2111,59022,12030000,166200,10600,900
0695,2012/12/11,04,19,20,27,28,14,12,94,1996,54099,14582400,133700,10900,1000
0694,2012/12/04,05,12,15,16,20,06,12,70,1723,52635,14544900,179100,12600,1000
0693,2012/11/27,05,17,21,24,25,03,14,77,2471,58782,12487900,163100,8800,900
0692,2012/11/20,09,13,14,23,31,20,10,51,1747,51069,17468100,246000,12400,1100
0691,2012/11/13,03,09,10,20,25,31,11,55,1935,55931,15772600,226600,11100,1000
0690,2012/11/06,11,16,22,23,25,09,5,109,2066,60194,34779000,114600,10400,900
0689,2012/10/30,12,13,19,23,25,28,19,86,2355,60856,9367900,148600,9400,900
0688,2012/10/23,04,05,09,15,26,11,14,92,1900,53533,12261900,134000,11200,1000
0687,2012/10/16,02,09,17,24,29,22,46,142,3476,66128,3829400,89100,6300,800
0686,2012/10/09,03,05,07,10,18,06,17,74,2524,61129,9976000,164600,8300,900
0685,2012/10/02,08,11,19,21,30,01,22,72,2481,61533,7978700,175100,8800,900
0684,2012/09/25,10,12,13,19,25,07,17,99,1942,55951,10408200,128400,11300,1000
0683,2012/09/18,01,07,15,23,26,11,27,96,2137,53811,6374400,128700,10000,1000
0682,2012/09/11,04,08,20,25,27,30,16,54,2270,58221,11211800,238600,9800,1000
0681,2012/09/04,06,12,17,19,30,09,10,102,2406,62406,17833400,125600,9200,900
0680,2012/08/28,02,03,11,15,24,23,7,106,2286,60215,25439000,120600,9600,900
0679,2012/08/21,05,11,23,29,31,28,14,73,2764,63049,12601000,173600,7900,900
0678,2012/08/14,15,17,21,24,25,20,7,35,1332,44022,22803200,327600,14900,1100
0677,2012/08/07,10,16,23,24,30,18,10,59,2316,56747,16776800,204200,9000,900
0676,2012/07/31,04,06,18,22,28,01,17,54,2341,58572,10062100,227500,9000,900
0675,2012/07/24,06,21,27,28,31,20,15,49,1783,52691,11452700,251800,11900,1000
0674,2012/07/17,01,02,03,24,25,15,20,70,1427,44176,8678000,178100,15100,1200
0673,2012/07/10,06,12,21,24,25,22,19,58,2523,61720,9632600,226600,9000,900
0672,2012/07/03,03,08,20,22,28,05,23,71,2476,60814,7997000,186100,9200,900
0671,2012/06/26,07,14,19,22,27,28,49,130,3207,66499,3869200,104700,7300,900
0670,2012/06/19,04,06,26,27,29,30,16,67,1865,54476,11130100,190900,11800,1000
0669,2012/06/12,04,07,08,25,31,14,14,72,1836,52304,12523000,174900,11800,1000
0668,2012/06/05,07,09,16,27,29,30,24,101,2772,66072,7567100,129100,8100,800
0667,2012/05/29,08,09,19,26,31,28,11,53,1897,55039,16344600,243700,11800,1000
0666,2012/05/22,10,11,17,24,29,26,24,68,2611,62031,7537400,191100,8600,900
0665,2012/05/15,07,12,17,20,28,09,16,90,2422,61581,11303900,144300,9200,900
0664,2012/05/08,06,09,11,16,29,04,27,114,2558,64945,6930300,117900,9100,900
0663,2012/05/01,01,09,10,21,31,23,16,53,2128,51699,11709600,253900,10900,1100
0662,2012/04/24,07,09,15,28,31,26,17,82,2824,64257,11301400,168300,8400,900
0661,2012/04/17,02,06,09,19,20,27,12,87,2077,56423,15964800,158100,11400,1100
0660,2012/04/10,07,12,15,30,31,18,15,83,2110,58936,12406500,161000,10900,1000
0659,2012/04/03,05,09,22,30,31,03,10,66,1692,51095,17841700,194200,13100,1100
0658,2012/03/27,07,08,11,15,26,01,22,75,2697,66947,8351300,175900,8400,800
0657,2012/03/20,09,14,18,23,30,10,19,73,2331,58535,9266300,173200,9400,900
0656,2012/03/13,04,10,15,22,23,07,11,122,2625,65300,17013700,110200,8800,900
0655,2012/03/06,07,09,12,14,18,24,11,112,2401,65368,17484300,123300,9900,900
0654,2012/02/28,06,11,22,25,27,02,20,92,2751,70791,9667600,150900,8700,800
0653,2012/02/21,11,16,20,22,30,21,18,62,2786,67237,10879000,226900,8700,900
0652,2012/02/14,02,05,19,28,29,23,9,77,1960,57241,21263100,178500,12100,1000
0651,2012/02/07,08,11,15,20,31,18,17,80,2392,62963,11631300,177500,10200,1000
0650,2012/01/31,04,11,18,24,26,13,40,125,3098,71026,5056600,116200,8100,900
0649,2012/01/24,03,11,18,19,21,12,25,95,2561,67198,7920700,149700,9600,900
0648,2012/01/17,06,13,18,19,21,26,12,161,2524,64052,16736600,89600,9900,1000
0647,2012/01/10,03,06,07,10,21,18,22,83,2382,67126,10018700,190700,11500,1000
0646,2011/12/27,03,06,16,30,31,17,15,99,2379,66649,13557200,147500,10600,900
0645,2011/12/20,08,13,18,19,24,11,19,79,2626,66181,10576700,182700,9500,900
0644,2011/12/13,05,13,15,20,27,30,19,119,2705,66111,10381800,119000,9000,900
0643,2011/12/06,09,11,17,19,22,06,16,117,2208,60506,12024300,118100,10800,1000
0642,2011/11/29,09,22,26,27,31,28,4,52,2218,48802,40000000,885600,10700,1200
0641,2011/11/22,05,11,14,17,22,15,19,56,3207,73497,9966100,242900,7300,800
0640,2011/11/15,06,15,18,28,31,08,7,77,2002,56971,27720100,181000,12000,1100
0639,2011/11/08,06,14,20,29,31,22,38,126,3687,68729,5158400,111700,6600,900
0638,2011/11/01,01,16,18,27,30,15,12,65,1881,52657,16493100,218700,13100,1200
0637,2011/10/25,01,05,10,15,21,11,17,130,2558,59708,11419600,107200,9400,1000
0636,2011/10/18,08,13,21,26,30,03,39,135,2700,63106,5013300,104000,9000,1000
0635,2011/10/11,12,13,16,20,29,11,7,60,2105,57657,26764300,224300,11000,1000
0634,2011/10/04,06,14,24,27,31,22,17,65,2308,59905,11374200,213700,10400,1000
0633,2011/09/27,02,12,19,20,30,13,21,97,2646,65720,9253400,143900,9100,900
0632,2011/09/20,06,14,15,25,26,13,23,100,3011,65445,8097000,133700,7700,900
0631,2011/09/13,03,15,18,20,25,29,10,75,2082,60059,19507900,186800,11600,1000
0630,2011/09/06,03,04,16,19,31,14,12,64,2022,58714,16286800,219300,12000,1000
0629,2011/08/30,01,03,16,26,29,31,15,79,1955,56602,13044500,177900,12400,1100
0628,2011/08/23,01,02,10,17,20,18,17,53,1757,48639,11376500,262100,13700,1200
0627,2011/08/16,06,10,14,15,20,19,5,53,1735,52537,36451700,247000,13000,1100
0626,2011/08/09,11,12,14,17,26,23,5,88,1829,57544,35684100,145600,12100,1000
0625,2011/08/02,19,20,23,26,31,06,9,73,1478,46133,20809100,184300,15700,1300
0624,2011/07/26,05,07,11,12,24,04,33,116,3160,73619,5731900,117100,7400,800
0623,2011/07/19,04,09,14,15,26,29,22,113,2371,58680,8004000,111900,9200,900
0622,2011/07/12,13,14,20,25,27,19,13,58,1863,56085,14594200,235000,12600,1100
0621,2011/07/05,06,12,18,24,30,09,1129,166,4729,77290,175900,85900,5200,800
0620,2011/06/28,02,14,21,25,31,05,18,84,1941,57558,11079800,170500,12700,1100
0619,2011/06/21,04,07,14,20,30,28,15,114,2418,64870,13439600,127000,10300,1000
0618,2011/06/14,10,12,14,22,31,23,13,91,2042,59757,15120100,155100,11900,1000
0617,2011/06/07,03,09,16,19,28,25,24,100,2798,66460,8270400,142500,8800,900
0616,2011/05/31,07,18,21,27,28,10,12,70,2311,62286,16661300,205100,10700,1000
0615,2011/05/24,04,12,13,19,20,10,12,69,1899,56872,16278000,203300,12800,1100
0614,2011/05/17,07,16,23,25,30,11,10,143,2315,64818,19720200,99000,10600,900
0613,2011/05/10,02,16,17,20,28,14,16,71,2183,58233,12434300,201300,11300,1100
0612,2011/05/03,11,18,24,27,30,04,23,132,2460,64776,8182500,102400,9500,900
0611,2011/04/26,12,18,21,25,30,17,33,106,2515,65820,6351800,142000,10300,1000
0610,2011/04/19,03,08,14,17,30,19,23,102,2843,70296,8955400,145000,9000,900
0609,2011/04/12,03,14,21,26,30,25,22,117,2738,66318,9226300,124600,9200,900
0608,2011/04/05,13,19,21,25,29,15,22,65,3275,64303,9405900,228700,7800,1000
0607,2011/03/29,07,08,12,18,30,17,29,120,3330,85865,8122200,141000,8800,800
0606,2011/03/22,09,20,23,30,31,01,14,63,2288,61597,15499100,247400,11800,1100
0605,2011/03/15,05,06,13,19,28,17,24,141,2962,72870,8872300,108400,8900,900
0604,2011/03/08,02,11,13,22,25,05,32,180,4096,95575,7957300,101600,7700,800
0603,2011/03/01,04,05,26,28,30,15,17,135,2443,81336,15279200,138200,13200,1000
0602,2011/02/22,03,14,18,22,25,27,35,195,4012,90625,7665100,98800,8300,900
0601,2011/02/15,10,14,15,16,24,28,7,104,2579,81393,37181100,179700,12500,1000
0600,2011/02/08,01,02,03,04,22,13,10,84,4155,73684,26415600,225900,7900,1100
0599,2011/02/01,03,07,10,11,29,25,22,220,4005,98518,11685800,83900,7900,800
0598,2011/01/25,04,15,21,26,30,01,35,127,3458,85319,7510200,148600,9400,1000
0597,2011/01/18,02,13,16,17,19,29,10,86,2319,73663,25344800,211700,13600,1100
0596,2011/01/11,06,09,10,14,27,31,28,116,3145,83501,9047700,156800,10000,900
0595,2011/01/04,07,11,15,20,23,03,25,185,3030,71820,7546400,73200,7700,800
0594,2010/12/28,02,05,10,22,30,12,28,196,3801,94450,9365900,96100,8500,900
0593,2010/12/21,11,14,22,28,29,25,35,105,3851,93723,7495000,179400,8400,900
0592,2010/12/14,05,06,23,25,26,14,21,137,2574,78774,12083500,133000,12200,1000
0591,2010/12/07,04,08,09,13,19,12,26,111,3092,76503,9736700,163800,10100,1000
0590,2010/11/30,04,07,11,17,19,14,37,193,3834,90390,6801500,93600,8100,900
0589,2010/11/23,03,10,13,22,26,12,23,102,2630,74306,10205500,165300,11100,1000
0588,2010/11/16,04,11,18,26,31,13,34,138,3266,76267,7394700,130800,9500,1000
0587,2010/11/09,11,17,19,29,30,01,25,98,3355,83436,10205900,187000,9400,900
0586,2010/11/02,01,05,06,10,15,02,40,266,3635,85278,6470700,69900,8800,900
0585,2010/10/26,14,19,23,24,31,29,18,95,2635,76350,14216200,193500,12000,1000
0584,2010/10/19,06,09,11,14,22,29,19,289,3138,82134,13275400,62700,10000,1000
0583,2010/10/12,01,03,10,11,16,24,18,141,2826,79311,13503100,123800,10700,900
0582,2010/10/05,03,14,22,24,30,10,10,88,2367,75654,25266100,206200,13200,1000
0581,2010/09/28,02,06,12,14,30,03,20,107,2730,75898,12406700,166600,11300,1000
0580,2010/09/21,01,04,14,15,26,18,17,87,2758,72193,14207200,199400,10900,1000
0579,2010/09/14,01,04,15,17,23,08,21,137,2783,77689,11802900,129900,11000,1000
0578,2010/09/07,05,11,16,19,30,18,26,105,3124,83190,9531100,169500,9800,900
0577,2010/08/31,05,10,21,24,25,13,28,117,3841,84695,8927400,153400,8100,900
0576,2010/08/24,06,08,10,21,23,18,35,113,2843,80706,7066800,157200,10800,900
0575,2010/08/17,10,16,20,21,27,24,28,110,2860,73756,8627400,157700,10500,1000
0574,2010/08/10,03,07,08,13,15,25,20,137,2898,82744,11866600,124400,10100,900
0573,2010/08/03,15,21,22,23,29,05,15,133,2816,80604,16176400,131000,10700,900
0572,2010/07/27,01,06,18,23,29,21,15,79,3308,76232,16216000,221200,9100,1000
0571,2010/07/20,09,22,27,28,29,26,14,60,2976,82802,17010200,285100,9900,900
0570,2010/07/13,01,02,05,06,10,08,37,192,2583,68640,6873700,95100,12200,1200
0569,2010/07/06,10,17,23,26,28,05,21,183,3058,85973,12349600,101800,10500,900
0568,2010/06/29,08,12,16,24,30,23,97,288,5302,101461,2716700,65700,6100,800
0567,2010/06/22,10,12,20,24,25,17,26,129,3388,81484,10114500,146400,9600,1000
0566,2010/06/15,03,08,23,28,30,31,26,108,4075,96798,9868800,170600,7800,800
0565,2010/06/08,18,19,20,28,29,13,20,76,2579,72339,12905900,243900,12400,1100
0564,2010/06/01,09,17,19,22,29,06,21,133,3226,87524,12478300,141500,10100,900
0563,2010/05/25,04,05,18,19,30,01,22,97,2768,80764,11839900,192900,11700,1000
0562,2010/05/18,02,07,12,15,17,23,18,137,2874,83874,14535900,137200,11300,1000
0561,2010/05/11,01,05,06,16,25,18,23,88,2739,76038,11625700,218200,12100,1100
0560,2010/05/04,11,13,17,29,30,05,27,166,2961,78748,8842100,103300,10000,900
0559,2010/04/27,02,04,07,11,16,25,24,153,2964,86385,11299600,127300,11300,1000
0558,2010/04/20,04,10,16,22,30,27,53,184,4389,93179,5164100,106800,7700,900
0557,2010/04/13,08,18,21,22,28,31,22,124,3089,83958,12222500,155700,10800,1000
0556,2010/04/06,04,06,16,17,24,26,35,163,3650,90613,7771700,119800,9200,900
0555,2010/03/30,01,15,18,24,29,23,22,118,2745,77334,12255200,164100,12200,1100
0554,2010/03/23,02,06,23,24,28,09,17,109,3047,82585,15230600,170600,10500,1000
0553,2010/03/16,02,13,23,24,30,15,21,131,3247,88766,12939600,149000,10400,900
0552,2010/03/09,07,11,14,17,28,29,36,188,4221,98601,7421700,102100,7800,800
0551,2010/03/02,01,02,10,24,31,28,14,63,2396,72660,20110000,321000,14600,1200
0550,2010/02/23,08,16,22,28,31,03,43,258,3970,94364,6557800,78500,8800,900
0549,2010/02/16,10,12,19,24,25,14,30,118,3610,93299,9563800,174600,9800,1000
0548,2010/02/09,05,06,16,23,29,31,20,125,3390,91737,14297700,164300,10500,1000
0547,2010/02/02,05,23,25,29,31,28,12,67,2678,83555,23615400,303800,13100,1100
0546,2010/01/26,03,08,19,22,29,20,31,179,3945,98790,9214400,114600,9000,900
0545,2010/01/19,01,15,23,28,29,02,15,87,2571,76806,18197900,225400,13200,1100
0544,2010/01/12,03,09,18,29,30,28,43,99,3881,90012,6223100,194100,8500,900
0543,2010/01/05,04,07,17,22,25,30,27,155,3536,82742,8457100,105800,8000,800
0542,2009/12/29,03,09,11,20,27,21,32,194,4561,104748,8949200,106000,7800,800
0541,2009/12/22,01,09,10,16,23,30,21,169,2841,79303,13310200,118800,12200,1100
0540,2009/12/15,02,19,22,27,29,06,13,112,2855,86092,21349400,178000,12100,1000
0539,2009/12/08,09,18,23,26,29,05,46,181,3692,87642,5893000,107500,9100,1000
0538,2009/12/01,08,10,13,20,21,31,23,157,3491,86082,11869800,124900,9700,1000
0537,2009/11/24,09,10,27,29,30,05,22,86,2774,77490,11655900,214200,11500,1000
0536,2009/11/17,14,18,20,22,24,19,21,82,2349,70615,12345300,227100,13700,1100
0535,2009/11/10,18,20,23,24,31,07,28,108,2649,77122,9765100,181800,12800,1100
0534,2009/11/03,07,22,25,26,30,04,12,94,3000,88462,21304700,195300,10600,900
0533,2009/10/27,06,13,19,23,31,20,32,160,3129,83937,8463800,121600,10700,1000
0532,2009/10/20,05,10,21,27,28,18,31,126,3396,89209,8710200,153900,9800,900
0531,2009/10/13,13,21,22,26,27,19,17,119,2772,82062,15168900,155600,11500,1000
0530,2009/10/06,02,03,05,16,19,10,22,110,2738,81095,12106200,173900,12100,1000
0529,2009/09/29,05,07,14,16,20,15,15,89,2458,77610,18224000,220600,13800,1100
0528,2009/09/22,02,11,14,15,21,08,16,105,2418,74570,15068700,164900,12400,1000
0527,2009/09/15,11,13,15,23,25,04,26,124,3576,92687,10342000,155700,9300,900
0526,2009/09/08,04,05,16,21,31,26,13,95,2534,74347,20788400,204300,13200,1100
0525,2009/09/01,01,14,21,25,27,06,10,126,2424,77176,26813300,152800,13700,1100
0524,2009/08/25,07,10,17,22,24,12,16,126,3179,83901,16889500,154000,10500,1000
0523,2009/08/18,08,17,18,19,24,10,28,125,3747,93646,9389500,151100,8700,900
0522,2009/08/11,04,19,22,23,27,31,26,91,3219,81376,9522600,195400,9500,900
0521,2009/08/04,04,09,14,25,26,15,27,200,3550,90283,9662800,93700,9100,900
0520,2009/07/28,02,03,11,14,30,08,17,135,2996,89410,15451100,139700,10900,900
0519,2009/07/21,02,09,25,29,31,04,15,97,2383,69047,16888000,187600,13200,1100
0518,2009/07/14,11,16,18,20,27,23,26,160,3399,92280,10316600,120400,9800,900
0517,2009/07/07,12,26,28,29,30,05,14,111,2816,83844,19710700,178600,12200,1000
0516,2009/06/30,03,12,14,15,26,05,35,132,4069,96117,7943400,151300,8500,900
0515,2009/06/23,05,21,24,25,26,31,19,105,2201,73385,14286000,185700,15300,1200
0514,2009/06/16,15,16,21,25,30,14,19,101,2707,77201,14179700,191600,12300,1100
0513,2009/06/09,03,11,18,19,25,08,27,200,3623,90311,9648100,93500,8900,900
0512,2009/06/02,08,14,25,29,30,07,34,122,3468,88026,7883000,157800,9600,900
0511,2009/05/26,13,16,26,28,31,11,24,121,3024,84793,11253600,160300,11100,1000
0510,2009/05/19,18,19,21,23,30,25,16,77,2597,75608,16677000,248900,12700,1100
0509,2009/05/12,02,13,22,29,30,08,31,192,3470,92911,8883300,103000,9800,900
0508,2009/05/05,03,06,09,14,25,01,42,112,3881,87665,5761800,155200,7700,800
0507,2009/04/28,10,19,26,27,28,02,17,126,2946,86447,16647600,161300,11900,1000
0506,2009/04/21,04,14,15,23,24,11,41,125,4000,93531,6767000,159400,8600,900
0505,2009/04/14,05,16,19,20,22,28,17,134,3081,87259,15883300,144700,10900,1000
0504,2009/04/07,08,10,24,28,31,09,21,87,3219,88962,13107100,227200,10600,1000
0503,2009/03/31,11,18,21,23,27,03,18,192,3415,94234,15702900,105700,10300,900
0502,2009/03/24,02,03,05,13,14,01,16,97,2790,84160,16905100,200300,12000,1000
0501,2009/03/17,12,13,16,17,21,22,29,120,3726,89757,9696300,168300,9300,1000
0500,2009/03/10,19,20,23,25,28,05,14,119,2316,73091,20356900,172000,15300,1200
0499,2009/03/03,02,08,14,15,26,31,33,192,4528,96203,8790300,108500,7900,900
0498,2009/02/24,02,15,20,23,30,03,30,167,3244,85123,9594700,123800,11000,1100
0497,2009/02/17,04,21,23,27,28,26,14,56,2564,80736,21028600,377600,14200,1100
0496,2009/02/10,04,10,11,22,30,09,60,153,4627,111207,4948400,139400,7900,800
0495,2009/02/03,07,10,22,26,27,05,27,149,3157,91842,10939800,142400,11600,1000
0494,2009/01/27,02,10,14,26,28,18,36,316,3589,90634,8253400,67500,10300,1000
0493,2009/01/20,01,11,12,13,17,26,23,107,2809,93201,12787900,197400,13000,1000
0492,2009/01/13,03,08,09,11,20,18,19,116,3842,106956,14770700,173800,9000,800
0491,2009/01/06,08,10,16,20,23,06,23,268,3775,89732,10755800,66300,8100,800
0490,2008/12/30,07,09,13,21,24,11,28,128,3150,85419,9666600,151900,10600,1000
0489,2008/12/23,02,04,09,22,31,17,13,136,2606,78027,21203900,145600,13100,1100
0488,2008/12/16,10,15,17,23,29,24,31,134,4056,101621,9466600,157300,9000,900
0487,2008/12/09,15,17,20,22,29,16,16,105,2845,80445,17092600,187100,11900,1100
0486,2008/12/02,05,08,20,22,26,19,25,152,3264,88681,11159700,131800,10600,1000
0485,2008/11/25,03,08,10,15,31,18,31,127,3194,86760,8512600,149200,10200,900
0484,2008/11/18,01,03,04,19,29,27,13,68,2165,69403,21265800,292000,15800,1200
0483,2008/11/11,07,20,23,27,29,25,12,90,2697,81404,23315500,223300,12900,1100
0482,2008/11/04,02,16,20,24,29,05,34,153,3539,87946,8166600,130300,9700,1000
0481,2008/10/28,03,07,13,16,25,31,51,167,5053,102993,5612900,123100,7000,900
0480,2008/10/21,05,07,18,25,31,23,21,124,3220,87108,13275900,161500,10700,1000
0479,2008/10/14,14,22,26,27,29,21,18,103,2673,78762,14378900,180500,12000,1000
0478,2008/10/07,03,17,18,22,25,05,27,203,3707,90587,10239100,97800,9200,900
0477,2008/09/30,01,04,13,20,28,31,21,80,2723,78780,13131200,247600,12600,1100
0476,2008/09/23,03,10,12,20,24,13,23,133,3404,90405,11358800,141100,9500,900
0475,2008/09/16,08,09,12,14,24,30,22,120,3223,92052,12376100,163000,10500,900
0474,2008/09/09,05,12,14,18,23,11,30,140,4934,98745,9378600,144300,7000,900
0473,2008/09/02,04,05,18,20,26,03,16,109,2822,78266,17757900,187200,12500,1100
0472,2008/08/26,04,15,17,20,21,03,26,111,2687,77481,10729000,180500,12900,1100
0471,2008/08/19,13,17,20,23,30,28,22,138,3454,91379,12285600,140700,9700,900
0470,2008/08/12,11,15,22,30,31,14,21,191,3511,91576,12129800,95800,9000,900
0469,2008/08/05,05,09,12,16,19,03,29,137,3194,91883,9266400,140900,10400,900
0468,2008/07/29,07,08,13,24,27,10,30,176,4232,108146,9085900,111200,8000,800
0467,2008/07/22,01,02,13,15,23,26,16,73,2292,69396,16572400,260900,14400,1200
0466,2008/07/15,15,16,19,20,29,17,11,85,2304,73624,25579600,237800,15200,1200
0465,2008/07/08,13,18,21,25,28,07,21,293,3435,89524,13657600,70300,10300,1000
0464,2008/07/01,01,12,16,22,28,15,27,101,3205,89965,10738700,206200,11200,1000
0463,2008/06/24,12,13,16,21,23,18,11,116,2563,81103,25274900,172100,13500,1100
0462,2008/06/17,04,19,22,25,29,27,19,86,2876,79271,14402600,228500,11800,1100
0461,2008/06/10,06,12,17,20,26,11,32,170,3758,93065,8331400,112600,8800,900
0460,2008/06/03,10,11,25,27,30,04,38,202,4972,106401,6997400,94500,6600,800
0459,2008/05/27,12,13,26,27,29,02,26,122,3258,85406,10455700,160000,10300,1000
0458,2008/05/20,06,08,15,24,31,01,28,112,3311,83117,9702900,174200,10200,1000
0457,2008/05/13,02,16,17,22,28,11,33,291,3533,93435,8608300,70100,10000,900
0456,2008/05/06,06,08,10,16,20,02,15,116,2773,77033,17152700,159300,11500,1000
0455,2008/04/29,01,10,16,24,26,09,10,118,2449,69454,27112800,165000,13700,1200
0454,2008/04/22,02,05,13,20,24,12,12,156,3407,86942,24042600,132800,10500,1000
0453,2008/04/15,04,07,12,17,27,24,38,235,5104,119382,7712800,89500,7100,700
0452,2008/04/08,02,12,16,18,30,20,30,104,3099,86317,9295300,192600,11200,1000
0451,2008/04/01,03,07,12,14,16,31,22,99,4409,100186,12884000,205600,8000,900
0450,2008/03/25,02,05,08,13,27,26,51,201,4554,107543,5673200,103400,7900,800
0449,2008/03/18,07,08,10,11,20,12,18,188,3612,96378,16030900,110200,9900,900
0448,2008/03/11,01,07,12,17,18,25,18,167,3610,89969,16289500,126100,10100,1000
0447,2008/03/04,14,17,20,25,26,08,16,180,2949,90016,18466200,117900,12400,1000
0446,2008/02/26,10,11,15,16,17,04,21,99,2680,82504,14040800,213900,13600,1100
0445,2008/02/19,07,16,18,26,31,25,23,151,3065,83856,12924500,141400,12000,1100
0444,2008/02/12,01,11,17,30,31,13,24,143,3939,91229,11837600,142700,8900,1000
0443,2008/02/05,05,17,22,23,30,20,32,101,4282,99559,9298700,211600,8600,900
0442,2008/01/29,05,08,19,24,30,17,34,229,4098,99286,8628100,92000,8900,900
0441,2008/01/22,06,08,19,28,30,17,31,198,3407,92829,9683200,108900,10900,1000
0440,2008/01/15,05,12,13,21,30,28,21,125,3341,90854,13697700,165300,10700,1000
0439,2008/01/08,10,17,19,21,23,16,18,107,3157,90544,17363100,209800,12300,1100
0438,2007/12/25,01,02,10,13,21,16,13,79,2365,73725,22084600,261000,15100,1200
0437,2007/12/18,09,13,15,28,31,12,38,115,6060,102410,7646100,181500,5900,900
0436,2007/12/11,07,08,18,21,24,17,20,109,4162,94018,14262800,188000,8500,900
0435,2007/12/04,08,19,22,25,27,06,27,130,3550,94193,10316600,153900,9700,900
0434,2007/11/27,01,06,10,11,22,18,34,142,3614,94079,8373300,144000,9800,900
0433,2007/11/20,01,12,17,20,27,14,16,74,2865,82590,17932700,278500,12400,1100
0432,2007/11/13,03,09,14,22,25,12,32,149,4056,96977,9019000,139100,8800,900
0431,2007/11/06,03,12,14,24,25,02,16,125,3265,86825,17285700,158900,10500,1000
0430,2007/10/30,03,07,16,18,21,27,28,190,3370,87078,9918400,105000,10200,1000
0429,2007/10/23,11,18,22,26,30,20,32,68,4156,97242,8673200,293200,8300,900
0428,2007/10/16,11,20,24,27,29,21,13,77,2806,86305,21067400,255500,12100,1000
0427,2007/10/09,09,14,19,20,26,16,15,71,2525,69032,17486800,265400,12900,1200
0426,2007/10/02,03,15,17,21,26,29,37,152,3227,84890,7361900,128700,10500,1000
0425,2007/09/25,04,10,20,25,28,06,20,119,3065,80904,13182300,159100,10700,1000
0424,2007/09/18,03,04,08,11,31,24,20,159,3186,88833,13291200,120100,10300,900
0423,2007/09/11,08,14,16,24,31,07,31,142,3649,86741,8997100,141100,9500,1000
0422,2007/09/04,10,12,15,21,27,24,33,132,4149,101347,8499800,152600,8400,900
0421,2007/08/28,11,14,24,28,29,16,35,128,4895,101814,7976900,156700,7100,800
0420,2007/08/21,02,10,13,23,27,18,25,134,3133,84853,10759400,144200,10600,1000
0419,2007/08/14,05,12,19,20,27,28,32,161,3767,82336,7233400,103200,7600,900
0418,2007/08/07,13,16,22,27,30,04,20,159,3203,83704,13243300,119600,10200,1000
0417,2007/07/31,03,09,12,23,24,22,56,158,4782,108716,4877300,124100,7100,800
0416,2007/07/24,04,06,13,15,22,07,29,112,4109,92441,9507700,176800,8300,900
0415,2007/07/17,11,16,24,28,30,22,29,124,4127,100656,9426000,158300,8200,800
0414,2007/07/10,05,07,10,20,27,21,39,157,3958,101014,7427000,132500,9100,900
0413,2007/07/03,08,14,21,23,29,17,31,261,3511,91386,9352800,79800,10200,1000
0412,2007/06/26,01,05,06,09,23,16,29,128,3436,96890,10053800,163600,10500,900
0411,2007/06/19,05,08,12,19,22,11,25,151,3804,98987,11525700,137000,9400,900
0410,2007/06/12,03,10,19,20,31,15,29,108,3385,89715,9616900,185500,10200,1000
0409,2007/06/05,02,11,19,27,28,05,48,232,4419,108455,5964500,88600,8000,800
0408,2007/05/29,07,12,22,26,30,04,28,177,3798,91273,10254800,116500,9400,1000
0407,2007/05/22,05,15,21,22,31,10,35,206,3448,92402,8208300,100100,10300,1000
0406,2007/05/15,05,13,19,28,29,01,18,143,3866,95781,15817700,143000,9100,900
0405,2007/05/08,08,09,13,27,31,17,39,204,4924,108386,7464000,102500,7300,800
0404,2007/05/01,01,08,11,26,28,24,27,111,3364,89486,10487200,183200,10400,1000
0403,2007/04/24,02,05,16,30,31,18,22,110,3070,88847,13626500,195700,12100,1000
0402,2007/04/17,10,20,22,24,27,08,15,134,2377,74458,19449900,156400,15200,1200
0401,2007/04/10,11,13,18,26,30,06,28,232,3870,98980,10472300,90800,9400,900
0400,2007/04/03,12,20,22,24,25,26,13,55,2003,68373,22289300,378400,18000,1300
0399,2007/03/27,07,13,23,27,31,08,43,133,4772,111052,6834500,158700,7600,800
0398,2007/03/20,10,17,25,27,31,26,18,88,3114,90575,16163900,237500,11600,1000
0397,2007/03/13,01,14,17,24,25,29,21,90,2609,76901,13927300,233400,13900,1200
0396,2007/03/06,01,06,21,25,28,22,22,63,2924,83593,13574700,340500,12700,1100
0395,2007/02/27,06,21,22,23,31,03,13,109,2292,75444,23188300,198600,16300,1300
0394,2007/02/20,02,05,21,27,31,25,15,91,3110,93643,19882600,235400,11900,1000
0393,2007/02/13,15,17,18,22,30,11,12,114,2437,78026,23982100,181300,14700,1200
0392,2007/02/06,03,13,15,25,30,26,45,125,4166,101465,6713500,173600,9000,900
0391,2007/01/30,01,10,15,30,31,21,181,373,5421,98234,1700400,59200,7000,1000
0390,2007/01/23,11,14,23,29,30,20,37,106,4250,111144,8111500,203400,8700,800
0389,2007/01/16,08,11,13,27,30,06,23,154,4162,101356,13113900,140700,9000,900
0388,2007/01/09,04,08,19,27,31,11,57,272,5046,118243,5506300,82800,7700,800
0387,2006/12/26,16,26,28,29,30,11,9,92,2695,79495,32280800,226800,13400,1100
0386,2006/12/19,01,03,05,07,23,14,23,117,3883,99801,12837200,181200,9400,900
0385,2006/12/12,06,14,20,24,27,03,32,141,3361,86712,9087000,148100,10700,1000
0384,2006/12/05,04,09,15,25,29,05,29,147,3929,96846,9995400,141600,9100,900
0383,2006/11/28,04,07,09,17,31,12,22,146,3476,95871,13011400,140800,10200,900
0382,2006/11/21,07,09,11,14,23,19,29,148,3745,100421,9962100,140200,9600,900
0381,2006/11/14,03,09,19,22,23,21,41,141,4165,101921,7117200,148600,8700,900
0380,2006/11/07,02,11,12,17,31,15,19,107,4102,106851,15582900,198700,8900,900
0379,2006/10/31,02,08,15,19,28,26,45,185,4645,102008,6749400,117900,8100,900
0378,2006/10/24,06,08,15,21,24,05,27,94,3322,87663,11045400,227900,11100,1100
0377,2006/10/17,01,12,20,21,30,06,19,129,2672,74940,15665600,165700,13800,1200
0376,2006/10/10,07,13,21,25,28,02,39,245,4383,95834,7255400,82900,8000,900
0375,2006/10/03,01,10,20,23,24,16,12,88,2221,70443,24528700,240200,16500,1300
0374,2006/09/26,09,17,27,28,29,08,16,180,3492,103774,18225500,116300,10300,900
0373,2006/09/19,03,05,11,12,29,22,61,189,5172,118360,4622100,107100,6700,700
0372,2006/09/12,01,05,22,25,30,12,33,140,2729,78301,9003400,152400,13500,1200
0371,2006/09/05,10,12,19,23,31,27,21,126,2907,85265,13957500,167100,12500,1100
0370,2006/08/29,10,12,16,26,28,21,21,120,2886,83307,13767300,173000,12400,1100
0369,2006/08/22,04,10,23,29,30,31,25,82,2852,82520,11460000,251000,12500,1100
0368,2006/08/15,01,08,17,28,29,06,13,107,2815,82089,19395700,169200,11100,1000
0367,2006/08/08,04,06,14,19,31,09,26,139,3582,93456,10518900,141300,9500,900
0366,2006/08/01,02,11,14,19,30,03,27,182,3536,99703,10595200,112900,10000,900
0365,2006/07/25,06,10,18,27,28,14,23,196,3676,103329,12403200,104500,9600,800
0364,2006/07/18,05,09,13,20,23,18,24,222,3216,86065,11358800,88200,10500,1000
0363,2006/07/11,04,10,12,17,22,16,23,102,3373,92276,12695200,205600,10700,1000
0362,2006/07/04,04,17,19,20,31,07,21,143,2409,75721,13895100,146500,15000,1200
0361,2006/06/27,02,04,06,12,30,05,19,88,3173,89734,15696000,243400,11700,1000
0360,2006/06/20,06,11,20,27,28,05,48,201,4709,111447,6193700,106200,7800,800
0359,2006/06/13,03,11,15,18,19,22,16,179,3656,105524,17876000,114700,9700,800
0358,2006/06/06,04,13,18,27,31,23,41,175,4431,103083,7113700,119700,8100,900
0357,2006/05/30,15,24,26,28,29,16,12,90,2299,80797,24816400,237700,16100,1200
0356,2006/05/23,06,11,17,19,22,21,40,134,4408,110216,7321000,157000,8200,800
0355,2006/05/16,08,09,24,27,29,31,22,72,2997,94136,13593200,298300,12400,1000
0354,2006/05/09,03,06,17,19,30,01,44,114,3751,97105,6864700,190300,10000,1000
0353,2006/05/02,03,13,14,17,25,18,34,148,4728,111666,8934700,147400,7900,800
0352,2006/04/25,05,07,14,17,30,29,24,221,3643,104583,12929600,100800,10600,900
0351,2006/04/18,03,06,11,12,27,26,73,221,6299,131909,4300700,102000,6200,700
0350,2006/04/11,03,09,22,24,28,27,11,97,3502,92415,26748600,217900,10400,1000
0349,2006/04/04,03,05,06,07,12,18,29,142,3717,100726,10284200,150800,9900,900
0348,2006/03/28,08,09,11,12,18,23,19,150,3641,104632,15486000,140900,10000,900
0347,2006/03/21,10,11,20,23,27,13,27,144,3433,92435,10160100,136800,9900,900
0346,2006/03/14,04,14,18,26,31,03,29,147,3557,96618,10435700,147900,10500,1000
0345,2006/03/07,07,14,16,17,29,18,58,120,4710,117486,5438800,188800,8300,800
0344,2006/02/28,04,09,13,21,23,31,27,177,5114,110610,11398900,124900,7400,900
0343,2006/02/21,06,10,15,27,30,08,27,127,3744,94391,11290300,172400,10100,1000
0342,2006/02/14,02,15,24,25,27,09,14,148,2827,89977,21474500,145900,13200,1000
0341,2006/02/07,02,05,17,18,26,03,61,166,5197,110429,5053900,133400,7300,900
0340,2006/01/31,10,14,18,23,25,31,40,148,3810,102960,7826500,151900,10200,900
0339,2006/01/24,04,09,11,15,23,26,44,204,4688,113114,7020700,108700,8200,800
0338,2006/01/17,01,03,19,21,27,09,39,122,3226,89640,8056100,185000,12100,1100
0337,2006/01/10,04,07,21,22,23,15,19,174,3146,94214,16779400,131600,12600,1100
0336,2005/12/27,10,14,20,27,28,08,22,235,3605,96181,13641500,91700,10300,1000
0335,2005/12/20,14,16,23,25,31,22,28,111,3348,91230,10782300,195400,11200,1000
0334,2005/12/13,07,12,22,23,25,13,30,272,3718,105737,9879000,78200,9900,900
0333,2005/12/06,19,21,22,26,28,24,17,78,2290,76342,17382100,272100,16000,1200
0332,2005/11/29,04,09,24,28,29,25,22,85,3866,96420,13705300,254800,9700,1000
0331,2005/11/22,06,19,21,29,30,24,14,69,2614,80065,21391600,311800,14200,1200
0330,2005/11/15,03,13,15,19,24,08,23,204,3169,94856,12588200,101900,11300,900
0329,2005/11/08,05,14,15,17,29,10,19,109,3876,103197,15262900,191100,9300,900
0328,2005/11/01,01,02,11,12,18,08,18,166,3599,96204,16572100,129000,10300,1000
0327,2005/10/25,08,14,19,25,28,16,43,258,4874,105793,6951700,83200,7600,900
0326,2005/10/18,01,03,06,11,25,12,20,179,3082,86206,14347500,115100,11500,1000
0325,2005/10/11,08,11,13,15,28,22,29,235,4247,108127,9407400,83400,7900,800
0324,2005/10/04,05,06,13,29,30,17,37,198,3391,89475,7569100,101600,10200,1000
0323,2005/09/27,05,15,19,22,27,29,26,106,3809,91988,10959800,193100,9300,1000
0322,2005/09/20,05,08,10,28,31,02,14,104,2871,84432,19488700,188400,11800,1000
0321,2005/09/13,02,11,18,21,27,15,20,108,3465,92547,14100400,187500,10100,900
0320,2005/09/06,06,07,13,28,30,12,20,212,2943,84228,13491900,91400,11400,1000
0319,2005/08/30,03,20,21,22,27,09,12,142,2882,88416,23277200,141300,12000,1000
0318,2005/08/23,09,18,19,30,31,16,35,103,3401,77015,7963800,194400,10200,1100
0317,2005/08/16,08,10,11,22,23,12,54,218,4241,93759,4698000,83600,7400,800
0316,2005/08/09,24,25,28,29,30,27,15,75,1866,60187,17697300,254200,17700,1400
0315,2005/08/02,07,11,15,28,31,14,37,131,3681,96522,7512300,152400,9400,900
0314,2005/07/26,02,07,16,18,20,28,22,116,2635,81083,12510800,170400,13000,1100
0313,2005/07/19,01,07,26,27,31,30,18,112,2562,71890,15149100,174900,13200,1200
0312,2005/07/12,07,12,17,18,21,11,23,152,3673,98384,12565100,136500,9700,900
0311,2005/07/05,02,17,19,28,29,10,18,90,2394,76267,15815700,227200,14800,1200
0310,2005/06/28,06,14,17,24,25,11,35,199,4199,102848,8108500,102400,8400,800
0309,2005/06/21,08,14,17,22,23,01,37,98,4758,105910,7572300,205300,7300,800
0308,2005/06/14,01,13,17,22,27,16,36,116,3367,91133,7450000,166100,9900,900
0307,2005/06/07,02,10,15,21,28,12,54,132,3409,82805,5180800,152200,10200,1100
0306,2005/05/31,17,20,23,24,31,11,22,122,2662,78414,12903500,167100,13200,1100
0305,2005/05/24,10,11,13,16,24,22,23,172,4575,102505,12214700,117300,7600,800
0304,2005/05/17,03,10,11,14,20,17,17,96,2621,82852,16713200,212600,13400,1100
0303,2005/05/10,13,14,16,19,25,01,19,87,3396,96539,15129200,237300,10500,900
0302,2005/05/03,06,07,09,14,20,22,10,87,2109,66227,25458000,210200,15000,1200
0301,2005/04/26,05,11,16,26,31,12,52,156,4483,107605,5500900,131700,7900,800
0300,2005/04/19,10,13,16,22,28,07,45,206,4474,95087,6424100,100800,8000,900
0299,2005/04/12,02,09,15,26,31,11,47,142,3547,89194,6410500,152400,10500,1100
0298,2005/04/05,08,10,12,15,22,16,17,99,2890,81964,16389100,202100,12000,1100
0297,2005/03/29,05,09,18,25,30,31,45,135,4188,97486,6305600,151000,8400,900
0296,2005/03/22,08,14,18,24,29,19,38,176,3985,100977,7159900,111000,8500,800
0295,2005/03/15,08,14,16,17,26,05,26,245,4387,109606,11197400,85300,8200,800
0294,2005/03/08,14,23,26,29,31,28,6,70,2793,81308,40000000,995500,12800,1100
0293,2005/03/01,14,15,16,24,25,12,23,107,2853,80698,12479700,192700,12500,1100
0292,2005/02/22,02,07,13,25,31,17,48,198,4756,102544,5984900,104200,7500,900
0291,2005/02/15,04,08,21,23,26,22,29,103,3109,89249,9948300,201200,11500,1000
0290,2005/02/08,03,08,11,23,30,05,40,173,4743,109396,7197400,119500,7500,800
0289,2005/02/01,05,06,11,24,28,18,29,210,4043,99863,9970600,98900,8900,900
0288,2005/01/25,06,16,21,29,31,18,17,125,2709,82021,17475700,170700,13600,1100
0287,2005/01/18,02,07,14,19,21,01,42,104,4732,100398,6878000,199500,7600,900
0286,2005/01/11,14,15,20,22,30,02,20,87,2401,68848,13655200,225500,14100,1200
0285,2005/01/04,08,17,19,24,26,16,26,95,2923,64835,7630900,150000,8400,900
0284,2004/12/28,01,05,08,11,18,30,30,140,3437,88976,9528900,146600,10300,1000
0283,2004/12/21,11,15,19,20,29,01,15,88,2628,78689,18924100,231700,13400,1100
0282,2004/12/14,01,02,18,27,29,13,17,97,2440,74344,16662500,209700,14400,1200
0281,2004/12/07,05,07,11,13,21,27,38,197,3829,103121,7439100,103000,9100,800
0280,2004/11/30,04,09,13,15,19,12,17,94,3331,87860,16608000,215700,10500,1000
0279,2004/11/23,02,07,19,23,25,11,43,223,4024,96125,5986300,82900,7900,800
0278,2004/11/16,08,12,13,14,24,16,10,200,2851,86014,28194000,101200,12300,1000
0277,2004/11/09,04,14,16,19,22,10,16,254,2910,84958,17511600,79200,11900,1000
0276,2004/11/02,12,16,19,20,23,11,39,202,4762,98254,7132500,98900,7200,900
0275,2004/10/26,11,16,17,21,22,19,20,66,2661,81514,13412000,291900,12500,1000
0274,2004/10/19,07,08,09,16,25,12,26,146,3576,86151,10293100,131600,9300,1000
0273,2004/10/12,03,05,07,11,17,23,29,292,4163,104060,8742000,62300,7500,700
0272,2004/10/05,04,16,21,28,29,09,28,310,4555,99611,9346900,60600,7100,800
0271,2004/09/28,06,13,15,24,31,20,37,86,3929,80782,7274300,224800,8500,1000
0270,2004/09/21,09,10,11,14,19,21,13,96,2363,73686,20034000,194900,13700,1100
0269,2004/09/14,03,07,20,23,29,16,40,225,3570,93057,6826100,87100,9500,900
0268,2004/09/07,17,18,20,27,31,13,19,85,2045,66358,13679800,219600,15800,1200
0267,2004/08/31,08,14,15,19,25,31,30,160,3159,83339,8873500,119500,10400,1000
0266,2004/08/24,03,08,25,28,31,06,19,105,3690,94718,14047900,182600,9000,900
0265,2004/08/17,01,03,24,26,28,21,17,76,2709,76174,15005700,241100,11700,1000
0264,2004/08/10,02,04,07,25,30,15,24,118,2847,79610,10468800,152900,10900,1000
0263,2004/08/03,15,25,28,30,31,02,15,93,1924,63955,17632800,204300,17100,1300
0262,2004/07/27,05,19,23,27,28,02,20,131,3648,95778,13382700,146700,9100,900
0261,2004/07/20,02,03,05,14,29,18,10,94,2358,75413,25798200,197100,13600,1100
0260,2004/07/13,06,07,17,19,23,28,49,150,3707,98354,5572500,130700,9100,900
0259,2004/07/06,05,07,11,12,23,17,60,182,5125,115172,4631000,109600,6700,700
0258,2004/06/29,04,06,09,19,22,05,29,97,3129,86806,10037800,215500,11500,1000
0257,2004/06/22,02,09,12,20,31,10,19,85,2577,73193,14706700,236100,13500,1200
0256,2004/06/15,05,09,15,16,27,28,29,184,4155,95624,9810900,111000,8500,900
0255,2004/06/08,12,17,20,27,29,18,21,89,2727,83401,13221400,224100,12600,1000
0254,2004/06/01,03,07,22,25,29,27,31,103,3593,94078,9187600,198600,9800,900
0253,2004/05/25,01,03,10,21,25,29,28,118,2924,86212,10284600,175300,12200,1000
0252,2004/05/18,12,18,24,27,31,22,25,87,3866,95420,11521100,237800,9200,900
0251,2004/05/11,01,03,19,20,23,28,24,96,2568,73461,12296000,220800,14300,1300
0250,2004/05/04,01,03,11,12,31,22,27,121,3185,74924,9291200,148900,9800,1000
0249,2004/04/27,09,11,12,18,20,07,24,91,2993,87119,12114300,229500,12000,1000
0248,2004/04/20,04,13,16,24,29,12,78,220,6369,124697,3861100,98300,5800,700
0247,2004/04/13,07,11,19,27,31,02,41,182,3538,91647,7320300,118400,10500,1000
0246,2004/04/06,01,12,15,20,23,04,33,163,2901,82832,9153300,133100,12900,1100
0245,2004/03/30,01,10,14,21,28,23,47,105,3982,89790,6384800,205300,9300,1000
0244,2004/03/23,06,11,21,22,25,15,24,123,3292,97451,12380400,173500,11200,900
0243,2004/03/16,04,11,15,27,28,01,44,115,7183,118862,7008100,192600,5300,800
0242,2004/03/09,05,12,23,27,31,14,23,184,4027,102709,13464500,120900,9500,900
0241,2004/03/02,01,02,04,13,26,07,18,119,3492,101791,17473900,189800,11200,1000
0240,2004/02/24,02,06,14,28,29,11,35,133,4376,101184,8967100,169500,8900,1000
0239,2004/02/17,16,18,21,23,27,31,34,75,4882,114199,9365000,305000,8100,900
0238,2004/02/10,13,15,17,22,25,26,28,257,3843,101080,11373600,89000,10300,1000
0237,2004/02/03,06,08,17,18,28,20,78,151,6111,126695,4084300,151500,6400,800
0236,2004/01/27,14,17,23,24,29,03,26,171,4006,103847,12232000,133600,9800,900
0235,2004/01/20,05,06,16,17,31,08,25,108,3106,88568,12505600,207900,12500,1100
0234,2004/01/13,16,18,22,23,26,02,25,181,4182,106316,11889400,117900,8800,900
0233,2004/01/06,08,14,19,21,29,25,28,120,3187,80332,9633000,161400,10500,1000
0232,2003/12/30,03,12,20,24,26,31,26,115,3758,100453,11252200,182700,9600,900
0231,2003/12/23,03,04,10,11,24,28,31,200,4625,108085,9241500,102900,7700,800
0230,2003/12/16,04,16,17,25,26,19,64,174,5741,127224,4832700,127700,6700,700
0229,2003/12/09,12,19,23,24,30,06,33,190,2980,89737,9216300,114900,12700,1100
0228,2003/12/02,10,17,21,24,27,02,37,137,3280,99329,8253700,160100,11500,1000
0227,2003/11/25,02,04,07,21,30,20,15,109,2481,76229,19058600,188400,14300,1200
0226,2003/11/18,04,12,14,26,30,28,33,203,4218,100408,9236600,107800,8900,900
0225,2003/11/11,13,14,18,24,26,16,24,85,3134,89958,12491200,253300,11900,1000
0224,2003/11/04,12,16,27,30,31,14,25,70,3465,82546,11611100,297900,10400,1100
0223,2003/10/28,04,10,16,19,22,21,37,151,5714,98948,8132300,143100,6500,900
0222,2003/10/21,10,18,21,26,28,09,22,262,3282,96339,13581300,81900,11300,1000
0221,2003/10/14,04,08,14,22,26,09,34,104,4133,99223,8093100,190000,8200,900
0220,2003/10/07,09,10,11,21,29,05,41,146,4354,106227,7260800,146400,8500,900
0219,2003/09/30,01,15,17,21,28,06,17,153,2696,83945,17649600,140800,13800,1100
0218,2003/09/23,09,16,24,25,29,23,48,153,4298,97891,5752200,129600,7900,900
0217,2003/09/16,02,08,17,19,23,21,46,142,4577,105395,6283200,146200,7800,800
0216,2003/09/09,03,07,13,16,17,02,30,110,4808,112953,10002300,195900,7700,800
0215,2003/09/02,04,15,20,21,28,16,37,158,3719,94039,8266700,139000,10200,1000
0214,2003/08/26,02,08,16,18,28,12,67,276,6308,125574,4516500,78700,5900,700
0213,2003/08/19,01,02,03,09,29,27,18,93,3020,86436,16502700,229400,12200,1100
0212,2003/08/12,01,05,10,14,30,26,18,116,2548,76100,15639200,174300,13700,1200
0211,2003/08/05,09,10,13,18,22,15,32,108,3681,102374,9141300,194500,9800,900
0210,2003/07/29,09,10,18,19,29,21,40,147,4349,90869,7643500,149400,8700,1000
0209,2003/07/22,07,17,23,27,29,12,26,178,4378,104431,11395000,119500,8400,900
0208,2003/07/15,06,10,13,16,17,29,19,148,3088,99609,16562900,152700,12600,1000
0207,2003/07/08,03,04,10,16,25,07,20,132,3799,107927,15840500,172400,10300,900
0206,2003/07/01,06,08,12,27,31,24,27,154,3367,95234,11578600,145800,11500,1000
0205,2003/06/24,03,04,13,14,23,12,69,170,3368,97020,4397100,128200,11200,1000
0204,2003/06/17,07,18,22,24,29,09,15,142,3536,97139,20038200,152000,10500,1000
0203,2003/06/10,04,10,18,22,25,20,45,129,3885,102362,6758500,169300,9700,900
0202,2003/06/03,06,10,11,18,31,25,45,214,4087,106227,6972100,105300,9500,900
0201,2003/05/27,03,05,23,25,26,17,30,256,4076,110637,10628000,89400,9700,900
0200,2003/05/20,01,04,12,13,18,25,35,148,3192,91665,9035000,153500,12300,1100
0199,2003/05/13,01,09,21,26,29,25,12,80,2297,79761,26572800,286300,17200,1300
0198,2003/05/06,13,20,21,25,28,14,18,143,3774,96782,16944400,153200,10000,1000
0197,2003/04/29,08,18,20,21,31,01,18,95,2936,78829,16226700,220800,12300,1200
0196,2003/04/22,02,04,14,21,22,16,42,233,4087,109167,7514700,97300,9600,900
0195,2003/04/15,01,02,06,15,23,21,26,88,3608,98795,12151600,257900,10900,1000
0194,2003/04/08,03,06,15,17,23,01,40,91,4488,108707,7667500,242100,8500,900
0193,2003/04/01,06,08,18,20,22,11,21,132,2905,86438,14813000,169300,13300,1100
0192,2003/03/25,06,07,10,11,17,03,26,133,3402,100789,11907500,167200,11300,1000
0191,2003/03/18,01,06,08,12,13,02,16,107,3332,95394,19780100,212400,11800,1000
0190,2003/03/11,04,05,21,27,29,02,25,77,3361,94224,12736700,297000,11700,1100
0189,2003/03/04,09,16,22,25,26,03,50,257,4936,106939,6333100,88500,7900,900
0188,2003/02/25,07,16,24,25,28,30,41,163,5023,119148,7820800,141300,7900,800
0187,2003/02/18,04,06,17,24,25,01,32,104,4069,105089,9988500,220700,9700,900
0186,2003/02/11,08,12,20,21,25,22,38,91,3570,89997,7852400,235500,10400,1000
0185,2003/02/04,07,19,20,25,28,02,25,171,3939,100711,12796200,134400,10100,1000
0184,2003/01/28,02,10,23,30,31,16,10,338,3111,97091,31655200,67200,12600,1000
0183,2003/01/21,03,09,13,25,26,07,47,197,4997,113350,6608600,113200,7700,800
0182,2003/01/14,02,10,14,23,24,06,26,131,3327,96538,11759500,167600,11400,1000
0181,2003/01/07,01,03,14,16,26,12,26,164,4227,102558,12209100,139000,9300,1000
0180,2002/12/24,17,18,19,21,28,22,13,84,2479,82612,23089700,256700,15000,1100
0179,2002/12/17,01,07,26,30,31,12,23,118,2453,78950,13339100,186700,15500,1200
0178,2002/12/10,03,24,26,28,31,20,13,64,2428,81994,22532700,328800,15000,1100
0177,2002/12/03,07,13,17,21,30,20,41,99,3461,89096,7274600,216400,10700,1000
0176,2002/11/26,12,14,24,26,30,18,15,153,2688,85958,19706000,138700,13600,1100
0175,2002/11/19,08,12,17,19,24,05,33,291,4216,102840,8978700,73100,8700,900
0174,2002/11/12,01,03,08,21,22,02,19,90,2631,84301,15702600,238100,14100,1100
0173,2002/11/05,11,18,20,22,29,10,18,99,2953,86477,16024000,209300,12100,1000
0172,2002/10/29,01,04,14,21,28,03,23,104,4200,91178,13064500,207500,8900,1000
0171,2002/10/22,02,06,09,12,31,17,14,98,2562,81213,21139900,216900,14300,1100
0170,2002/10/15,02,07,14,20,22,05,33,90,3897,92080,8674100,228400,9100,1000
0169,2002/10/08,08,15,18,25,31,13,20,98,2729,78685,14584400,213800,13300,1200
0168,2002/10/01,02,08,11,16,30,17,46,165,5225,114747,6247300,125100,6800,800
0167,2002/09/24,11,19,20,25,26,23,18,88,3028,82403,16037000,235600,11800,1100
0166,2002/09/17,08,13,21,24,28,16,23,237,3310,94826,12287600,85600,10600,900
0165,2002/09/10,09,16,24,25,26,20,26,64,3085,88388,11557700,337300,12100,1100
0164,2002/09/03,07,09,16,26,30,28,14,108,2911,90179,21346300,198700,12700,1000
0163,2002/08/27,01,12,13,16,28,31,36,105,3603,96685,8183800,201500,10100,900
0162,2002/08/20,06,14,17,23,31,20,35,123,3352,80387,7888200,161200,10200,1100
0161,2002/08/13,02,03,04,17,19,08,12,102,2796,84234,21909200,185100,11700,1000
0160,2002/08/06,04,23,24,30,31,27,8,70,2155,71243,34873300,286300,16100,1200
0159,2002/07/30,07,11,16,23,24,13,28,132,4452,110595,10224100,155800,8000,800
0158,2002/07/23,03,14,16,20,31,25,25,120,2414,73573,11519300,172400,14800,1200
0157,2002/07/16,01,05,14,18,20,06,60,128,3384,98216,5058400,170300,11100,1000
0156,2002/07/09,02,03,13,19,31,15,8,75,2834,90132,37293700,285700,13100,1000
0155,2002/07/02,09,10,16,21,23,04,21,156,2967,88329,14535700,140500,12800,1100
0154,2002/06/25,02,10,16,19,22,17,20,89,3261,85921,14876500,240100,11300,1100
0153,2002/06/18,02,03,08,23,29,06,13,97,4542,98429,21614600,208100,7700,900
0152,2002/06/11,01,02,11,22,30,27,30,173,5114,99633,9433000,117500,6800,900
0151,2002/06/04,04,10,13,14,19,12,30,78,7586,101232,9715800,268400,4700,900
0150,2002/05/28,02,11,16,24,26,04,95,222,5701,114175,3177600,97600,6500,800
0149,2002/05/21,05,06,17,27,28,20,35,166,4300,113839,8612200,130400,8700,800
0148,2002/05/14,02,07,19,26,31,24,42,137,3741,91536,7342100,161700,10200,1000
0147,2002/05/07,05,10,21,27,28,02,37,159,4041,108337,8106500,135500,9200,900
0146,2002/04/30,01,06,11,12,18,08,36,103,4666,111823,8498700,213400,8100,800
0145,2002/04/23,13,14,19,24,28,03,12,122,3565,84490,25940900,183300,10800,1200
0144,2002/04/16,04,13,14,19,28,05,30,160,3633,106654,10219400,137600,10500,900
0143,2002/04/09,17,18,20,23,26,06,15,132,2309,74783,20277400,165500,16400,1300
0142,2002/04/02,10,11,24,25,30,08,28,163,4732,111508,11087500,136800,8100,900
0141,2002/03/26,04,06,09,20,24,16,18,149,3387,95316,17067000,148100,11200,1000
0140,2002/03/19,08,09,17,20,29,06,17,121,2895,80749,18030600,181900,13100,1200
0139,2002/03/12,14,17,20,26,28,23,19,95,2484,82695,16476500,236700,15600,1200
0138,2002/03/05,01,04,21,30,31,16,25,118,2612,76668,12469000,189700,14800,1300
0137,2002/02/26,03,15,20,25,28,30,25,107,3419,96330,12719300,213400,11500,1000
0136,2002/02/19,05,11,14,18,28,08,23,146,3724,114334,13753200,155600,10500,900
0135,2002/02/12,04,07,08,09,24,20,21,90,3048,93399,14793100,247900,12600,1000
0134,2002/02/05,04,05,13,16,18,20,19,77,3075,97295,16508600,292600,12700,1000
0133,2002/01/29,04,07,11,18,31,27,26,224,3874,98217,12020000,100200,10000,1000
0132,2002/01/22,07,13,17,19,24,18,33,87,4538,104524,9191400,250400,8300,900
0131,2002/01/15,01,09,12,18,21,15,30,116,3027,84522,9818600,182400,12100,1100
0130,2002/01/08,03,04,11,17,26,05,32,172,4415,116329,9784200,130700,8800,800
0129,2001/12/25,02,13,20,25,30,12,29,173,3913,97858,10222300,123100,9400,900
0128,2001/12/18,03,06,22,24,27,26,24,171,4200,113968,12614400,127100,8900,800
0127,2001/12/11,08,09,18,29,31,24,28,100,2881,79205,10831800,217800,13100,1200
0126,2001/12/04,07,16,18,22,25,21,30,102,4584,93133,10023900,211800,8100,1000
0125,2001/11/27,02,21,22,27,29,24,23,99,2749,87188,13130500,219100,13600,1100
0124,2001/11/20,05,07,17,19,27,09,38,161,4377,115587,7898400,133900,8500,800
0123,2001/11/13,01,05,06,13,15,21,23,102,3138,94455,13030200,211000,11800,1000
0122,2001/11/06,01,08,23,27,28,09,11,82,2356,79430,27039800,260500,15700,1200
0121,2001/10/30,05,17,18,24,30,20,40,85,4582,103368,7575400,256100,8200,900
0120,2001/10/23,08,12,14,18,27,24,22,136,3212,92838,12769000,148300,10800,900
0119,2001/10/16,12,14,25,29,30,05,11,131,2306,74615,24662800,148700,14600,1100
0118,2001/10/09,02,04,12,20,23,14,18,85,2509,74008,14373500,218600,12800,1100
0117,2001/10/02,05,11,12,23,24,03,41,235,4648,113307,6557000,82100,7200,700
0116,2001/09/25,02,07,13,18,23,11,21,160,3249,79527,12332600,116200,9900,1000
0115,2001/09/18,10,15,29,30,31,16,17,119,2811,77158,15659100,160700,11700,1100
0114,2001/09/11,03,05,06,07,11,08,34,142,4683,123086,7539900,129600,6800,600
0113,2001/09/04,01,02,06,16,28,04,20,91,2947,82827,13579700,214400,11400,1000
0112,2001/08/28,05,07,15,26,27,01,36,178,4460,106196,7450800,108200,7400,800
0111,2001/08/21,10,19,24,27,31,06,17,129,2165,68961,14284000,135200,13900,1100
0110,2001/08/14,03,07,13,22,27,02,49,132,4384,86450,4536000,120900,6300,800
0109,2001/08/07,03,05,15,19,22,25,22,112,3448,87025,11260900,158900,8900,900
0108,2001/07/31,06,10,20,27,29,19,16,130,2857,79259,15888100,140400,11000,1000
0107,2001/07/24,04,08,12,26,27,18,38,200,4217,96224,6588200,89900,7300,800
0106,2001/07/17,03,05,11,12,18,02,20,90,3229,93164,12980600,207200,10000,900
0105,2001/07/10,06,11,14,21,27,20,48,205,4802,103130,5696100,95800,7000,800
0104,2001/07/03,03,04,07,21,30,31,15,70,3367,86500,18099500,278600,10000,1000
0103,2001/06/26,10,13,19,21,30,14,20,87,2969,80150,13450100,222100,11200,1000
0102,2001/06/19,05,10,11,25,28,23,33,152,3458,89399,7904400,123200,9300,900
0101,2001/06/12,02,10,11,13,26,22,70,1159,6652,115192,3656000,15800,4700,700
0100,2001/06/05,11,12,19,20,31,03,26,91,2864,71567,10194100,209200,11500,1200
0099,2001/05/29,03,07,10,13,15,26,16,156,2985,90508,16450600,121200,10900,900
0098,2001/05/22,01,02,09,11,20,04,13,86,2591,79913,19958500,216700,12400,1000
0097,2001/05/15,06,12,15,19,22,03,30,131,2908,81261,8715400,143300,11100,1000
0096,2001/05/08,01,05,06,14,27,17,21,109,3852,95375,12646500,175000,8500,900
0095,2001/05/01,04,05,07,08,31,26,11,135,2511,73742,23930900,140000,13000,1100
0094,2001/04/24,16,19,20,26,29,27,12,59,1772,61076,22678600,331300,19100,1400
0093,2001/04/17,11,15,22,26,27,08,18,174,3536,96418,14861600,110400,9400,900
0092,2001/04/10,02,03,11,22,30,31,53,141,5290,113832,5030200,135800,6200,700
0091,2001/04/03,08,09,15,18,22,03,23,187,3097,86798,11348300,100200,10400,900
0090,2001/03/27,06,12,14,21,27,15,40,151,4024,88290,6813200,129600,8400,1000
0089,2001/03/20,05,07,24,27,29,14,13,86,2393,75811,19086400,207200,12900,1000
0088,2001/03/13,04,19,26,27,30,03,10,74,2956,89735,25805700,250500,10800,900
0087,2001/03/06,01,05,12,23,27,14,63,1324,4710,99192,4327800,14700,7200,800
0086,2001/02/27,02,08,13,20,24,09,46,140,4284,98353,5946900,140300,7900,900
0085,2001/02/20,09,11,14,20,29,02,13,186,3358,82258,21042400,105600,10100,1000
0084,2001/02/13,01,15,29,30,31,16,18,70,2163,58714,14744500,272300,15200,1400
0083,2001/02/06,01,06,11,23,26,03,22,165,3562,91051,12618700,120800,9700,900
0082,2001/01/30,01,03,11,27,30,08,17,125,2722,78991,15829000,154600,12300,1100
0081,2001/01/23,01,07,10,16,25,18,30,82,2583,75927,8829500,232000,12700,1100
0080,2001/01/16,07,10,13,18,22,04,19,129,2742,80041,13419300,141900,11500,1000
0079,2001/01/09,02,13,16,26,30,11,25,257,3864,100823,10769500,75200,8600,800
0078,2000/12/26,04,11,19,20,22,28,26,153,2932,78611,10495400,128100,11500,1100
0077,2000/12/19,02,03,10,22,26,23,22,313,3619,101016,12593700,63500,9500,800
0076,2000/12/12,06,11,13,16,23,03,23,161,2776,86149,11891000,122000,12200,1000
0075,2000/12/05,07,14,16,17,29,01,11,80,2872,87058,24654600,243500,11700,1000
0074,2000/11/28,04,06,16,22,28,09,51,255,5725,102875,5305500,76200,5800,800
0073,2000/11/21,04,06,08,26,30,07,12,80,3287,83569,21830600,235200,9900,1000
0072,2000/11/14,08,10,24,28,30,12,25,124,3085,84111,10670400,154500,10700,1000
0071,2000/11/07,11,17,18,22,30,02,19,197,2590,77166,13770200,95400,12500,1100
0070,2000/10/31,01,05,07,17,21,15,13,114,2655,75049,19962300,163500,12100,1100
0069,2000/10/24,05,06,09,23,30,02,24,115,3395,98110,10841600,162500,9500,800
0068,2000/10/17,05,06,21,22,24,11,24,105,2542,73630,10944900,179700,12800,1100
0067,2000/10/10,04,05,08,14,27,06,24,116,3094,86884,10774300,160100,10400,900
0066,2000/10/03,05,06,12,17,20,01,17,97,3198,91444,17255000,217200,11400,1000
0065,2000/09/26,08,09,10,17,23,15,28,193,3831,105720,11200700,116700,10100,900
0064,2000/09/19,05,10,11,12,23,15,28,120,4963,119695,11153900,186900,7800,800
0063,2000/09/12,03,05,06,22,28,01,35,114,3250,96929,8803200,194100,11800,1000
0062,2000/09/05,05,10,13,17,29,06,50,138,5198,112845,6375300,165900,7600,900
0061,2000/08/29,09,23,24,29,30,05,24,112,3403,94527,13161700,202600,11500,1000
0060,2000/08/22,16,17,22,23,26,30,19,73,2521,78895,16178700,302500,15100,1200
0059,2000/08/15,09,15,20,21,22,10,10,122,2262,78935,27502900,161900,15100,1100
0058,2000/08/08,01,02,04,10,24,20,49,109,3717,114650,6289500,203100,10300,800
0057,2000/08/01,03,21,23,27,29,13,20,102,3542,84799,16055000,226100,11200,1200
0056,2000/07/25,01,03,07,10,27,16,26,124,4854,109063,12673400,190900,8400,900
0055,2000/07/18,04,10,11,18,31,03,33,184,5455,128742,10451200,134600,7800,800
0054,2000/07/11,04,05,15,18,21,16,17,120,3143,99527,20822700,211900,14000,1100
0053,2000/07/04,04,13,14,15,17,30,11,101,2791,90223,31294500,244800,15300,1200
0052,2000/06/27,04,10,12,26,31,20,34,131,4241,108153,10237500,190800,10200,1000
0051,2000/06/20,05,07,15,16,31,02,27,162,3213,94738,12090200,144700,12600,1100
0050,2000/06/13,04,05,06,08,10,26,45,112,5020,88156,7044100,203300,7800,1100
0049,2000/06/06,10,13,14,23,25,12,18,105,2615,80713,18106800,222900,15500,1300
0048,2000/05/30,02,09,11,13,31,18,30,126,3937,113943,11032400,188700,10400,900
0047,2000/05/23,02,06,08,17,29,10,25,119,4354,110963,13449900,202900,9600,900
0046,2000/05/16,02,10,22,23,26,06,20,137,3181,106903,16662200,174700,13000,1000
0045,2000/05/09,07,13,19,24,26,11,66,247,5639,122343,5005000,96000,7200,800
0044,2000/05/02,05,18,20,25,27,11,31,265,5167,115465,11095300,93200,8200,900
0043,2000/04/25,03,06,11,16,30,05,49,175,5492,136168,7206100,144900,8000,800
0042,2000/04/18,02,05,19,24,31,28,41,128,3998,103578,8504600,195700,10800,1000
0041,2000/04/11,10,16,19,22,26,29,18,113,3465,92628,18664400,213500,12000,1100
0040,2000/04/04,04,16,24,25,27,05,15,162,3494,110129,22189700,147600,11800,900
0039,2000/03/28,01,09,15,26,30,11,40,166,4812,118786,8493800,147000,8700,900
0038,2000/03/21,11,16,17,19,31,04,20,99,2627,80223,16095700,233600,15200,1300
0037,2000/03/14,06,07,10,16,31,20,22,76,2400,81544,15298000,318100,17400,1300
0036,2000/03/07,04,08,15,16,21,25,21,149,3640,107295,16559300,167600,11800,1000
0035,2000/02/29,10,11,18,24,26,29,36,152,4668,121945,9526000,162000,9100,900
0034,2000/02/22,04,09,18,28,29,12,21,156,3387,103477,16278000,157400,12500,1000
0033,2000/02/15,02,03,08,09,30,23,40,154,4541,122287,8494000,158500,9300,900
0032,2000/02/08,02,11,13,16,24,20,58,203,7887,149489,6182900,126900,5600,700
0031,2000/02/01,14,20,21,24,28,17,48,143,5426,125934,7450400,179600,8200,900
0030,2000/01/25,10,15,17,18,30,16,14,153,2792,95188,23589600,155000,14700,1100
0029,2000/01/18,09,12,17,26,31,15,35,115,3393,89208,9199800,201100,11800,1100
0028,2000/01/11,02,09,15,22,29,11,169,246,5731,115723,1808600,89200,6600,800
0027,2000/01/04,10,16,20,21,31,14,11,51,1939,52650,19359100,299900,13600,1300
0026,1999/12/28,07,08,09,14,15,04,29,105,2650,81092,11475400,227600,15600,1300
0025,1999/12/21,02,03,07,18,29,15,23,205,3528,107304,14986500,120700,12100,1000
0024,1999/12/14,12,14,19,26,28,15,42,168,5561,129060,8360500,150100,7800,800
0023,1999/12/07,02,13,18,22,26,15,64,245,5588,125031,5557600,104200,7900,900
0022,1999/11/30,04,06,26,28,30,14,15,126,3397,114601,24195100,206900,13300,1000
0021,1999/11/23,03,15,22,25,31,06,28,148,4075,112640,12298200,167100,10500,900
0020,1999/11/16,14,20,22,25,30,15,12,62,3178,108390,30271600,420900,14200,1000
0019,1999/11/09,02,09,10,22,27,01,27,93,4040,110687,13931700,290500,11500,1100
0018,1999/11/02,01,14,16,23,25,27,33,174,3684,108958,12129100,165200,13500,1100
0017,1999/10/26,10,18,20,25,27,01,13,102,3208,106936,30661600,280700,15400,1200
0016,1999/10/19,02,20,24,26,27,23,12,95,3047,102614,31351600,284500,15300,1100
0015,1999/10/12,06,08,17,23,24,22,22,101,3053,97823,15686200,245400,14000,1100
0014,1999/10/05,02,21,24,26,29,28,8,105,2533,84846,38358600,209900,15000,1100
0013,1999/09/28,06,11,18,25,28,20,31,107,2956,77460,7272900,151300,9400,900
0012,1999/09/14,05,09,13,16,19,21,25,111,2845,81806,9913700,160400,10800,900
0011,1999/08/31,17,18,19,20,30,31,39,216,3872,60056,6090900,79000,7600,1200
0010,1999/08/17,08,19,21,23,30,05,15,121,2004,61949,13787900,122700,12800,1000
0009,1999/08/03,02,11,12,13,28,15,27,93,2856,72169,7304600,152300,8500,800
0008,1999/07/20,22,24,25,28,30,21,16,77,1677,42022,13732500,205000,16300,1700
0007,1999/07/06,03,24,25,26,31,02,3,57,1289,61193,40000000,2381300,23000,1200
0006,1999/06/22,02,11,16,24,29,04,70,239,4162,80366,3181000,66900,6600,900
0005,1999/06/08,08,09,15,21,25,23,18,54,2029,61713,11107000,265900,12200,1000
0004,1999/05/25,11,12,14,20,31,29,5,35,1055,43664,38866300,398800,22900,1400
0003,1999/05/11,01,08,10,24,30,28,17,34,2014,58581,11481000,412400,12000,1000
0002,1999/04/27,02,11,12,21,30,28,11,35,1672,50969,16868900,380800,13800,1100
0001,1999/04/13,01,03,17,20,25,26,29,46,2331,59593,6090500,275800,9400,900
